source,target,value
f-Affoltern,t-Albisrieden,6.12
f-Affoltern,t-Alt-Wiedikon,3.16
f-Affoltern,t-Altstetten,2.16
f-Affoltern,t-Enge,0.711
f-Affoltern,t-Fluntern,425
f-Affoltern,t-Friesenberg,17.4
f-Affoltern,t-Gewerbeschule,1.83
f-Affoltern,t-Hard,195
f-Affoltern,t-Hirslanden,675
f-Affoltern,t-Hirzenbach,92.7
f-Affoltern,t-Hochschulen,46.4
f-Affoltern,t-Hottingen,2.27
f-Affoltern,t-Höngg,1.24
f-Affoltern,t-Langstrasse,63.9
f-Affoltern,t-Leimbach,7.12
f-Affoltern,t-Lindenhof,8.22
f-Affoltern,t-Mühlebach,4.46
f-Affoltern,t-Oberstrass,20.9
f-Affoltern,t-Oerlikon,10.1
f-Affoltern,t-Rathaus,284
f-Affoltern,t-Schwamendingen-Mitte,1.15
f-Affoltern,t-Seebach,1.20e+3
f-Affoltern,t-Sihlfeld,461
f-Affoltern,t-Unterstrass,0.947
f-Affoltern,t-Wipkingen,11.0
f-Affoltern,t-Witikon,2.02
f-Affoltern,t-Wollishofen,0.406
f-Affoltern,t-Saatlen,2.49
f-Affoltern,t-Weinegg,2.59
f-Affoltern,t-Werd,33.5
f-Affoltern,t-City,22.2
f-Affoltern,t-Escher Wyss,9.93
f-Affoltern,t-Seefeld,9.92
f-Albisrieden,t-Affoltern,633
f-Albisrieden,t-Alt-Wiedikon,12.0
f-Albisrieden,t-Altstetten,408
f-Albisrieden,t-Enge,14.5
f-Albisrieden,t-Fluntern,29.2
f-Albisrieden,t-Friesenberg,46.8
f-Albisrieden,t-Gewerbeschule,0.681
f-Albisrieden,t-Hard,2.66
f-Albisrieden,t-Hirslanden,25.3
f-Albisrieden,t-Hirzenbach,7.28
f-Albisrieden,t-Hochschulen,59.4
f-Albisrieden,t-Hottingen,0.254
f-Albisrieden,t-Höngg,4.79
f-Albisrieden,t-Langstrasse,7.57
f-Albisrieden,t-Leimbach,9.14
f-Albisrieden,t-Lindenhof,4.23
f-Albisrieden,t-Mühlebach,25.1
f-Albisrieden,t-Oberstrass,13.2
f-Albisrieden,t-Oerlikon,18.0
f-Albisrieden,t-Rathaus,171
f-Albisrieden,t-Schwamendingen-Mitte,22.3
f-Albisrieden,t-Seebach,0.139
f-Albisrieden,t-Sihlfeld,350
f-Albisrieden,t-Unterstrass,0.855
f-Albisrieden,t-Wipkingen,90.3
f-Albisrieden,t-Witikon,11.4
f-Albisrieden,t-Wollishofen,5.22
f-Albisrieden,t-Saatlen,11.2
f-Albisrieden,t-Weinegg,197
f-Albisrieden,t-Werd,0.642
f-Albisrieden,t-City,183
f-Albisrieden,t-Escher Wyss,71.1
f-Albisrieden,t-Seefeld,0.307
f-Alt-Wiedikon,t-Affoltern,54.3
f-Alt-Wiedikon,t-Albisrieden,1.42
f-Alt-Wiedikon,t-Altstetten,679
f-Alt-Wiedikon,t-Enge,15.2
f-Alt-Wiedikon,t-Fluntern,856
f-Alt-Wiedikon,t-Friesenberg,7.53
f-Alt-Wiedikon,t-Gewerbeschule,10.1
f-Alt-Wiedikon,t-Hard,15.2
f-Alt-Wiedikon,t-Hirslanden,6.57
f-Alt-Wiedikon,t-Hirzenbach,21.1
f-Alt-Wiedikon,t-Hochschulen,38.4
f-Alt-Wiedikon,t-Hottingen,20.3
f-Alt-Wiedikon,t-Höngg,15.8
f-Alt-Wiedikon,t-Langstrasse,31.6
f-Alt-Wiedikon,t-Leimbach,0.391
f-Alt-Wiedikon,t-Lindenhof,3.96
f-Alt-Wiedikon,t-Mühlebach,3.07
f-Alt-Wiedikon,t-Oberstrass,4.86
f-Alt-Wiedikon,t-Oerlikon,6.00
f-Alt-Wiedikon,t-Rathaus,195
f-Alt-Wiedikon,t-Schwamendingen-Mitte,6.88
f-Alt-Wiedikon,t-Seebach,0.336
f-Alt-Wiedikon,t-Sihlfeld,1.10
f-Alt-Wiedikon,t-Unterstrass,1.58
f-Alt-Wiedikon,t-Wipkingen,158
f-Alt-Wiedikon,t-Witikon,64.8
f-Alt-Wiedikon,t-Wollishofen,7.69
f-Alt-Wiedikon,t-Saatlen,35.0
f-Alt-Wiedikon,t-Weinegg,1.69
f-Alt-Wiedikon,t-Werd,15.6
f-Alt-Wiedikon,t-City,26.0
f-Alt-Wiedikon,t-Escher Wyss,46.3
f-Alt-Wiedikon,t-Seefeld,4.91
f-Altstetten,t-Affoltern,217
f-Altstetten,t-Albisrieden,3.48
f-Altstetten,t-Alt-Wiedikon,41.8
f-Altstetten,t-Enge,41.8
f-Altstetten,t-Fluntern,2.45
f-Altstetten,t-Friesenberg,7.49
f-Altstetten,t-Gewerbeschule,135
f-Altstetten,t-Hard,7.01
f-Altstetten,t-Hirslanden,22.3
f-Altstetten,t-Hirzenbach,47.2
f-Altstetten,t-Hochschulen,14.9
f-Altstetten,t-Hottingen,0.156
f-Altstetten,t-Höngg,232
f-Altstetten,t-Langstrasse,59.1
f-Altstetten,t-Leimbach,11.5
f-Altstetten,t-Lindenhof,104
f-Altstetten,t-Mühlebach,16.2
f-Altstetten,t-Oberstrass,4.23e+3
f-Altstetten,t-Oerlikon,13.6
f-Altstetten,t-Rathaus,13.4
f-Altstetten,t-Schwamendingen-Mitte,9.52
f-Altstetten,t-Seebach,0.451
f-Altstetten,t-Sihlfeld,1.53
f-Altstetten,t-Unterstrass,182
f-Altstetten,t-Wipkingen,8.53
f-Altstetten,t-Witikon,104
f-Altstetten,t-Wollishofen,36.0
f-Altstetten,t-Saatlen,13.6
f-Altstetten,t-Weinegg,344
f-Altstetten,t-Werd,5.20
f-Altstetten,t-City,13.8
f-Altstetten,t-Escher Wyss,1.02
f-Altstetten,t-Seefeld,3.21
f-Enge,t-Affoltern,472
f-Enge,t-Albisrieden,10.9
f-Enge,t-Alt-Wiedikon,54.9
f-Enge,t-Altstetten,0.399
f-Enge,t-Fluntern,20.1
f-Enge,t-Friesenberg,9.88
f-Enge,t-Gewerbeschule,6.14
f-Enge,t-Hard,3.90
f-Enge,t-Hirslanden,120
f-Enge,t-Hirzenbach,112
f-Enge,t-Hochschulen,769
f-Enge,t-Hottingen,31.8
f-Enge,t-Höngg,126
f-Enge,t-Langstrasse,65.3
f-Enge,t-Leimbach,32.3
f-Enge,t-Lindenhof,208
f-Enge,t-Mühlebach,41.1
f-Enge,t-Oberstrass,7.70
f-Enge,t-Oerlikon,10.4
f-Enge,t-Rathaus,1.79
f-Enge,t-Schwamendingen-Mitte,0.403
f-Enge,t-Seebach,39.3
f-Enge,t-Sihlfeld,346
f-Enge,t-Unterstrass,0.473
f-Enge,t-Wipkingen,5.06
f-Enge,t-Witikon,0.170
f-Enge,t-Wollishofen,240
f-Enge,t-Saatlen,131
f-Enge,t-Weinegg,23.9
f-Enge,t-Werd,203
f-Enge,t-City,34.7
f-Enge,t-Escher Wyss,18.6
f-Enge,t-Seefeld,193
f-Fluntern,t-Affoltern,2.46e+3
f-Fluntern,t-Albisrieden,119
f-Fluntern,t-Alt-Wiedikon,1.42e+3
f-Fluntern,t-Altstetten,42.2
f-Fluntern,t-Enge,961
f-Fluntern,t-Friesenberg,1.75
f-Fluntern,t-Gewerbeschule,1.18e+3
f-Fluntern,t-Hard,122
f-Fluntern,t-Hirslanden,1.56
f-Fluntern,t-Hirzenbach,14.6
f-Fluntern,t-Hochschulen,35.0
f-Fluntern,t-Hottingen,111
f-Fluntern,t-Höngg,34.1
f-Fluntern,t-Langstrasse,17.0
f-Fluntern,t-Leimbach,145
f-Fluntern,t-Lindenhof,131
f-Fluntern,t-Mühlebach,73.3
f-Fluntern,t-Oberstrass,53.1
f-Fluntern,t-Oerlikon,16.6
f-Fluntern,t-Rathaus,616
f-Fluntern,t-Schwamendingen-Mitte,26.0
f-Fluntern,t-Seebach,52.8
f-Fluntern,t-Sihlfeld,177
f-Fluntern,t-Unterstrass,8.30
f-Fluntern,t-Wipkingen,0.782
f-Fluntern,t-Witikon,1.51
f-Fluntern,t-Wollishofen,70.0
f-Fluntern,t-Saatlen,5.51
f-Fluntern,t-Weinegg,104
f-Fluntern,t-Werd,10.3
f-Fluntern,t-City,1.07e+3
f-Fluntern,t-Escher Wyss,1.36
f-Fluntern,t-Seefeld,4.36
f-Friesenberg,t-Affoltern,27.0
f-Friesenberg,t-Albisrieden,4.69
f-Friesenberg,t-Alt-Wiedikon,3.30
f-Friesenberg,t-Altstetten,5.95
f-Friesenberg,t-Enge,3.58
f-Friesenberg,t-Fluntern,24.2
f-Friesenberg,t-Gewerbeschule,133
f-Friesenberg,t-Hard,78.5
f-Friesenberg,t-Hirslanden,1.47
f-Friesenberg,t-Hirzenbach,25.1
f-Friesenberg,t-Hochschulen,1.96
f-Friesenberg,t-Hottingen,96.3
f-Friesenberg,t-Höngg,385
f-Friesenberg,t-Langstrasse,2.12
f-Friesenberg,t-Leimbach,49.6
f-Friesenberg,t-Lindenhof,3.04
f-Friesenberg,t-Mühlebach,1.94
f-Friesenberg,t-Oberstrass,13.1
f-Friesenberg,t-Oerlikon,30.5
f-Friesenberg,t-Rathaus,60.4
f-Friesenberg,t-Schwamendingen-Mitte,0.845
f-Friesenberg,t-Seebach,6.23
f-Friesenberg,t-Sihlfeld,175
f-Friesenberg,t-Unterstrass,930
f-Friesenberg,t-Wipkingen,154
f-Friesenberg,t-Witikon,78.3
f-Friesenberg,t-Wollishofen,19.1
f-Friesenberg,t-Saatlen,1.61
f-Friesenberg,t-Weinegg,4.60
f-Friesenberg,t-Werd,5.15
f-Friesenberg,t-City,42.1
f-Friesenberg,t-Escher Wyss,1.92
f-Friesenberg,t-Seefeld,4.67
f-Gewerbeschule,t-Affoltern,549
f-Gewerbeschule,t-Albisrieden,71.7
f-Gewerbeschule,t-Alt-Wiedikon,34.1
f-Gewerbeschule,t-Altstetten,10.7
f-Gewerbeschule,t-Enge,24.9
f-Gewerbeschule,t-Fluntern,4.16
f-Gewerbeschule,t-Friesenberg,48.3
f-Gewerbeschule,t-Hard,15.6
f-Gewerbeschule,t-Hirslanden,306
f-Gewerbeschule,t-Hirzenbach,29.7
f-Gewerbeschule,t-Hochschulen,0.878
f-Gewerbeschule,t-Hottingen,1.96
f-Gewerbeschule,t-Höngg,4.84
f-Gewerbeschule,t-Langstrasse,24.2
f-Gewerbeschule,t-Leimbach,1.89
f-Gewerbeschule,t-Lindenhof,18.2
f-Gewerbeschule,t-Mühlebach,77.4
f-Gewerbeschule,t-Oberstrass,2.40
f-Gewerbeschule,t-Oerlikon,155
f-Gewerbeschule,t-Rathaus,197
f-Gewerbeschule,t-Schwamendingen-Mitte,326
f-Gewerbeschule,t-Seebach,82.2
f-Gewerbeschule,t-Sihlfeld,126
f-Gewerbeschule,t-Unterstrass,321
f-Gewerbeschule,t-Wipkingen,3.99
f-Gewerbeschule,t-Witikon,21.2
f-Gewerbeschule,t-Wollishofen,24.2
f-Gewerbeschule,t-Saatlen,311
f-Gewerbeschule,t-Weinegg,0.740
f-Gewerbeschule,t-Werd,7.68
f-Gewerbeschule,t-City,1.68e+3
f-Gewerbeschule,t-Escher Wyss,21.1
f-Gewerbeschule,t-Seefeld,5.72
f-Hard,t-Affoltern,0.464
f-Hard,t-Albisrieden,271
f-Hard,t-Alt-Wiedikon,17.5
f-Hard,t-Altstetten,70.8
f-Hard,t-Enge,1.27
f-Hard,t-Fluntern,14.8
f-Hard,t-Friesenberg,238
f-Hard,t-Gewerbeschule,12.4
f-Hard,t-Hirslanden,84.9
f-Hard,t-Hirzenbach,12.6
f-Hard,t-Hochschulen,15.8
f-Hard,t-Hottingen,3.23
f-Hard,t-Höngg,21.0
f-Hard,t-Langstrasse,19.4
f-Hard,t-Leimbach,11.6
f-Hard,t-Lindenhof,1.03
f-Hard,t-Mühlebach,10.6
f-Hard,t-Oberstrass,147
f-Hard,t-Oerlikon,191
f-Hard,t-Rathaus,27.1
f-Hard,t-Schwamendingen-Mitte,21.3
f-Hard,t-Seebach,177
f-Hard,t-Sihlfeld,2.76
f-Hard,t-Unterstrass,20.7
f-Hard,t-Wipkingen,8.85
f-Hard,t-Witikon,144
f-Hard,t-Wollishofen,783
f-Hard,t-Saatlen,0.549
f-Hard,t-Weinegg,19.1
f-Hard,t-Werd,2.89
f-Hard,t-City,24.4
f-Hard,t-Escher Wyss,2.95
f-Hard,t-Seefeld,43.9
f-Hirslanden,t-Affoltern,46.3
f-Hirslanden,t-Albisrieden,1.50
f-Hirslanden,t-Alt-Wiedikon,20.0
f-Hirslanden,t-Altstetten,10.0
f-Hirslanden,t-Enge,2.61
f-Hirslanden,t-Fluntern,1.72e+3
f-Hirslanden,t-Friesenberg,336
f-Hirslanden,t-Gewerbeschule,283
f-Hirslanden,t-Hard,2.06
f-Hirslanden,t-Hirzenbach,43.8
f-Hirslanden,t-Hochschulen,130
f-Hirslanden,t-Hottingen,40.6
f-Hirslanden,t-Höngg,0.681
f-Hirslanden,t-Langstrasse,31.9
f-Hirslanden,t-Leimbach,16.2
f-Hirslanden,t-Lindenhof,15.6
f-Hirslanden,t-Mühlebach,22.2
f-Hirslanden,t-Oberstrass,40.0
f-Hirslanden,t-Oerlikon,21.0
f-Hirslanden,t-Rathaus,42.4
f-Hirslanden,t-Schwamendingen-Mitte,10.1
f-Hirslanden,t-Seebach,8.62
f-Hirslanden,t-Sihlfeld,155
f-Hirslanden,t-Unterstrass,33.5
f-Hirslanden,t-Wipkingen,32.2
f-Hirslanden,t-Witikon,6.69
f-Hirslanden,t-Wollishofen,28.9
f-Hirslanden,t-Saatlen,1.29
f-Hirslanden,t-Weinegg,56.0
f-Hirslanden,t-Werd,122
f-Hirslanden,t-City,11.4
f-Hirslanden,t-Escher Wyss,92.8
f-Hirslanden,t-Seefeld,202
f-Hirzenbach,t-Affoltern,265
f-Hirzenbach,t-Albisrieden,19.1
f-Hirzenbach,t-Alt-Wiedikon,141
f-Hirzenbach,t-Altstetten,30.4
f-Hirzenbach,t-Enge,364
f-Hirzenbach,t-Fluntern,88.8
f-Hirzenbach,t-Friesenberg,0.859
f-Hirzenbach,t-Gewerbeschule,1.17e+3
f-Hirzenbach,t-Hard,74.4
f-Hirzenbach,t-Hirslanden,5.12
f-Hirzenbach,t-Hochschulen,24.0
f-Hirzenbach,t-Hottingen,38.0
f-Hirzenbach,t-Höngg,2.21
f-Hirzenbach,t-Langstrasse,187
f-Hirzenbach,t-Leimbach,0.469
f-Hirzenbach,t-Lindenhof,191
f-Hirzenbach,t-Mühlebach,57.2
f-Hirzenbach,t-Oberstrass,0.615
f-Hirzenbach,t-Oerlikon,87.7
f-Hirzenbach,t-Rathaus,4.34
f-Hirzenbach,t-Schwamendingen-Mitte,56.7
f-Hirzenbach,t-Seebach,278
f-Hirzenbach,t-Sihlfeld,431
f-Hirzenbach,t-Unterstrass,15.0
f-Hirzenbach,t-Wipkingen,6.62
f-Hirzenbach,t-Witikon,46.5
f-Hirzenbach,t-Wollishofen,395
f-Hirzenbach,t-Saatlen,33.9
f-Hirzenbach,t-Weinegg,404
f-Hirzenbach,t-Werd,529
f-Hirzenbach,t-City,7.87
f-Hirzenbach,t-Escher Wyss,74.6
f-Hirzenbach,t-Seefeld,30.7
f-Hochschulen,t-Affoltern,1.31
f-Hochschulen,t-Albisrieden,27.1
f-Hochschulen,t-Alt-Wiedikon,26.1
f-Hochschulen,t-Altstetten,0.463
f-Hochschulen,t-Enge,0.926
f-Hochschulen,t-Fluntern,3.03
f-Hochschulen,t-Friesenberg,1.47e+3
f-Hochschulen,t-Gewerbeschule,0.528
f-Hochschulen,t-Hard,7.37
f-Hochschulen,t-Hirslanden,26.1
f-Hochschulen,t-Hirzenbach,434
f-Hochschulen,t-Hottingen,43.7
f-Hochschulen,t-Höngg,18.8
f-Hochschulen,t-Langstrasse,0.728
f-Hochschulen,t-Leimbach,236
f-Hochschulen,t-Lindenhof,2.92
f-Hochschulen,t-Mühlebach,20.2
f-Hochschulen,t-Oberstrass,20.0
f-Hochschulen,t-Oerlikon,26.0
f-Hochschulen,t-Rathaus,355
f-Hochschulen,t-Schwamendingen-Mitte,115
f-Hochschulen,t-Seebach,15.5
f-Hochschulen,t-Sihlfeld,47.2
f-Hochschulen,t-Unterstrass,59.3
f-Hochschulen,t-Wipkingen,149
f-Hochschulen,t-Witikon,522
f-Hochschulen,t-Wollishofen,21.8
f-Hochschulen,t-Saatlen,7.81
f-Hochschulen,t-Weinegg,6.92
f-Hochschulen,t-Werd,5.24
f-Hochschulen,t-City,9.35
f-Hochschulen,t-Escher Wyss,14.1
f-Hochschulen,t-Seefeld,55.8
f-Hottingen,t-Affoltern,13.9
f-Hottingen,t-Albisrieden,12.0
f-Hottingen,t-Alt-Wiedikon,504
f-Hottingen,t-Altstetten,18.8
f-Hottingen,t-Enge,21.6
f-Hottingen,t-Fluntern,1.74e+3
f-Hottingen,t-Friesenberg,5.07
f-Hottingen,t-Gewerbeschule,6.07
f-Hottingen,t-Hard,23.3
f-Hottingen,t-Hirslanden,65.4
f-Hottingen,t-Hirzenbach,10.4
f-Hottingen,t-Hochschulen,11.8
f-Hottingen,t-Höngg,36.7
f-Hottingen,t-Langstrasse,2.76
f-Hottingen,t-Leimbach,322
f-Hottingen,t-Lindenhof,66.2
f-Hottingen,t-Mühlebach,0.459
f-Hottingen,t-Oberstrass,2.35
f-Hottingen,t-Oerlikon,44.8
f-Hottingen,t-Rathaus,1.08
f-Hottingen,t-Schwamendingen-Mitte,31.5
f-Hottingen,t-Seebach,15.7
f-Hottingen,t-Sihlfeld,1.19
f-Hottingen,t-Unterstrass,16.9
f-Hottingen,t-Wipkingen,1.89
f-Hottingen,t-Witikon,10.6
f-Hottingen,t-Wollishofen,35.8
f-Hottingen,t-Saatlen,76.3
f-Hottingen,t-Weinegg,8.13
f-Hottingen,t-Werd,3.47
f-Hottingen,t-City,4.51
f-Hottingen,t-Escher Wyss,184
f-Hottingen,t-Seefeld,77.1
f-Höngg,t-Affoltern,10.2
f-Höngg,t-Albisrieden,40.5
f-Höngg,t-Alt-Wiedikon,6.94
f-Höngg,t-Altstetten,594
f-Höngg,t-Enge,130
f-Höngg,t-Fluntern,282
f-Höngg,t-Friesenberg,5.20
f-Höngg,t-Gewerbeschule,14.2
f-Höngg,t-Hard,0.957
f-Höngg,t-Hirslanden,1.22
f-Höngg,t-Hirzenbach,28.1
f-Höngg,t-Hochschulen,8.27
f-Höngg,t-Hottingen,6.35
f-Höngg,t-Langstrasse,146
f-Höngg,t-Leimbach,4.24
f-Höngg,t-Lindenhof,4.50
f-Höngg,t-Mühlebach,0.310
f-Höngg,t-Oberstrass,19.6
f-Höngg,t-Oerlikon,4.65
f-Höngg,t-Rathaus,6.62
f-Höngg,t-Schwamendingen-Mitte,491
f-Höngg,t-Seebach,0.913
f-Höngg,t-Sihlfeld,89.7
f-Höngg,t-Unterstrass,1.11e+3
f-Höngg,t-Wipkingen,443
f-Höngg,t-Witikon,493
f-Höngg,t-Wollishofen,227
f-Höngg,t-Saatlen,0.300
f-Höngg,t-Weinegg,22.7
f-Höngg,t-Werd,1.57
f-Höngg,t-City,861
f-Höngg,t-Escher Wyss,7.89
f-Höngg,t-Seefeld,142
f-Langstrasse,t-Affoltern,2.99
f-Langstrasse,t-Albisrieden,4.61
f-Langstrasse,t-Alt-Wiedikon,38.8
f-Langstrasse,t-Altstetten,55.7
f-Langstrasse,t-Enge,1.10
f-Langstrasse,t-Fluntern,9.07
f-Langstrasse,t-Friesenberg,9.68
f-Langstrasse,t-Gewerbeschule,34.5
f-Langstrasse,t-Hard,4.20
f-Langstrasse,t-Hirslanden,1.28
f-Langstrasse,t-Hirzenbach,4.33
f-Langstrasse,t-Hochschulen,26.6
f-Langstrasse,t-Hottingen,8.75
f-Langstrasse,t-Höngg,14.9
f-Langstrasse,t-Leimbach,2.04
f-Langstrasse,t-Lindenhof,70.8
f-Langstrasse,t-Mühlebach,9.04
f-Langstrasse,t-Oberstrass,49.8
f-Langstrasse,t-Oerlikon,2.51
f-Langstrasse,t-Rathaus,1.61
f-Langstrasse,t-Schwamendingen-Mitte,33.8
f-Langstrasse,t-Seebach,325
f-Langstrasse,t-Sihlfeld,124
f-Langstrasse,t-Unterstrass,164
f-Langstrasse,t-Wipkingen,300
f-Langstrasse,t-Witikon,1.08
f-Langstrasse,t-Wollishofen,30.1
f-Langstrasse,t-Saatlen,8.38
f-Langstrasse,t-Weinegg,258
f-Langstrasse,t-Werd,47.7
f-Langstrasse,t-City,20.7
f-Langstrasse,t-Escher Wyss,173
f-Langstrasse,t-Seefeld,44.5
f-Leimbach,t-Affoltern,8.78
f-Leimbach,t-Albisrieden,229
f-Leimbach,t-Alt-Wiedikon,4.03
f-Leimbach,t-Altstetten,95.0
f-Leimbach,t-Enge,153
f-Leimbach,t-Fluntern,0.613
f-Leimbach,t-Friesenberg,67.9
f-Leimbach,t-Gewerbeschule,23.7
f-Leimbach,t-Hard,13.9
f-Leimbach,t-Hirslanden,1.61
f-Leimbach,t-Hirzenbach,140
f-Leimbach,t-Hochschulen,15.1
f-Leimbach,t-Hottingen,7.76
f-Leimbach,t-Höngg,1.94
f-Leimbach,t-Langstrasse,48.6
f-Leimbach,t-Lindenhof,55.6
f-Leimbach,t-Mühlebach,7.01
f-Leimbach,t-Oberstrass,267
f-Leimbach,t-Oerlikon,222
f-Leimbach,t-Rathaus,11.4
f-Leimbach,t-Schwamendingen-Mitte,18.7
f-Leimbach,t-Seebach,1.48
f-Leimbach,t-Sihlfeld,80.1
f-Leimbach,t-Unterstrass,28.1
f-Leimbach,t-Wipkingen,22.7
f-Leimbach,t-Witikon,45.9
f-Leimbach,t-Wollishofen,15.8
f-Leimbach,t-Saatlen,16.1
f-Leimbach,t-Weinegg,1.17
f-Leimbach,t-Werd,4.32
f-Leimbach,t-City,13.0
f-Leimbach,t-Escher Wyss,734
f-Leimbach,t-Seefeld,42.3
f-Lindenhof,t-Affoltern,30.4
f-Lindenhof,t-Albisrieden,3.28
f-Lindenhof,t-Alt-Wiedikon,17.1
f-Lindenhof,t-Altstetten,2.01
f-Lindenhof,t-Enge,1.46
f-Lindenhof,t-Fluntern,78.5
f-Lindenhof,t-Friesenberg,43.7
f-Lindenhof,t-Gewerbeschule,27.3
f-Lindenhof,t-Hard,31.8
f-Lindenhof,t-Hirslanden,0.347
f-Lindenhof,t-Hirzenbach,653
f-Lindenhof,t-Hochschulen,181
f-Lindenhof,t-Hottingen,16.3
f-Lindenhof,t-Höngg,4.90
f-Lindenhof,t-Langstrasse,360
f-Lindenhof,t-Leimbach,9.33
f-Lindenhof,t-Mühlebach,50.0
f-Lindenhof,t-Oberstrass,0.751
f-Lindenhof,t-Oerlikon,4.28
f-Lindenhof,t-Rathaus,125
f-Lindenhof,t-Schwamendingen-Mitte,411
f-Lindenhof,t-Seebach,2.10
f-Lindenhof,t-Sihlfeld,16.9
f-Lindenhof,t-Unterstrass,247
f-Lindenhof,t-Wipkingen,7.93
f-Lindenhof,t-Witikon,1.05
f-Lindenhof,t-Wollishofen,84.7
f-Lindenhof,t-Saatlen,7.85
f-Lindenhof,t-Weinegg,818
f-Lindenhof,t-Werd,109
f-Lindenhof,t-City,17.9
f-Lindenhof,t-Escher Wyss,165
f-Lindenhof,t-Seefeld,12.0
f-Mühlebach,t-Affoltern,65.7
f-Mühlebach,t-Albisrieden,78.8
f-Mühlebach,t-Alt-Wiedikon,404
f-Mühlebach,t-Altstetten,113
f-Mühlebach,t-Enge,222
f-Mühlebach,t-Fluntern,3.93
f-Mühlebach,t-Friesenberg,31.9
f-Mühlebach,t-Gewerbeschule,4.53
f-Mühlebach,t-Hard,28.7
f-Mühlebach,t-Hirslanden,83.0
f-Mühlebach,t-Hirzenbach,26.7
f-Mühlebach,t-Hochschulen,79.2
f-Mühlebach,t-Hottingen,4.91
f-Mühlebach,t-Höngg,3.36
f-Mühlebach,t-Langstrasse,329
f-Mühlebach,t-Leimbach,5.54
f-Mühlebach,t-Lindenhof,355
f-Mühlebach,t-Oberstrass,517
f-Mühlebach,t-Oerlikon,0.723
f-Mühlebach,t-Rathaus,2.21
f-Mühlebach,t-Schwamendingen-Mitte,8.25
f-Mühlebach,t-Seebach,13.3
f-Mühlebach,t-Sihlfeld,0.510
f-Mühlebach,t-Unterstrass,9.31
f-Mühlebach,t-Wipkingen,0.788
f-Mühlebach,t-Witikon,7.66
f-Mühlebach,t-Wollishofen,8.64
f-Mühlebach,t-Saatlen,5.42
f-Mühlebach,t-Weinegg,8.15
f-Mühlebach,t-Werd,41.7
f-Mühlebach,t-City,120
f-Mühlebach,t-Escher Wyss,92.9
f-Mühlebach,t-Seefeld,119
f-Oberstrass,t-Affoltern,117
f-Oberstrass,t-Albisrieden,2.43
f-Oberstrass,t-Alt-Wiedikon,17.0
f-Oberstrass,t-Altstetten,211
f-Oberstrass,t-Enge,93.0
f-Oberstrass,t-Fluntern,32.6
f-Oberstrass,t-Friesenberg,86.8
f-Oberstrass,t-Gewerbeschule,114
f-Oberstrass,t-Hard,39.0
f-Oberstrass,t-Hirslanden,4.83
f-Oberstrass,t-Hirzenbach,71.1
f-Oberstrass,t-Hochschulen,214
f-Oberstrass,t-Hottingen,76.2
f-Oberstrass,t-Höngg,15.1
f-Oberstrass,t-Langstrasse,29.9
f-Oberstrass,t-Leimbach,252
f-Oberstrass,t-Lindenhof,1.81
f-Oberstrass,t-Mühlebach,26.8
f-Oberstrass,t-Oerlikon,19.3
f-Oberstrass,t-Rathaus,22.3
f-Oberstrass,t-Schwamendingen-Mitte,342
f-Oberstrass,t-Seebach,12.1
f-Oberstrass,t-Sihlfeld,17.0
f-Oberstrass,t-Unterstrass,8.90
f-Oberstrass,t-Wipkingen,4.39
f-Oberstrass,t-Witikon,495
f-Oberstrass,t-Wollishofen,16.9
f-Oberstrass,t-Saatlen,874
f-Oberstrass,t-Weinegg,78.1
f-Oberstrass,t-Werd,198
f-Oberstrass,t-City,2.65
f-Oberstrass,t-Escher Wyss,11.9
f-Oberstrass,t-Seefeld,2.41
f-Oerlikon,t-Affoltern,3.13
f-Oerlikon,t-Albisrieden,25.2
f-Oerlikon,t-Alt-Wiedikon,411
f-Oerlikon,t-Altstetten,7.17
f-Oerlikon,t-Enge,0.732
f-Oerlikon,t-Fluntern,102
f-Oerlikon,t-Friesenberg,1.05
f-Oerlikon,t-Gewerbeschule,0.585
f-Oerlikon,t-Hard,20.2
f-Oerlikon,t-Hirslanden,111
f-Oerlikon,t-Hirzenbach,43.7
f-Oerlikon,t-Hochschulen,4.93
f-Oerlikon,t-Hottingen,360
f-Oerlikon,t-Höngg,39.9
f-Oerlikon,t-Langstrasse,354
f-Oerlikon,t-Leimbach,536
f-Oerlikon,t-Lindenhof,104
f-Oerlikon,t-Mühlebach,8.03
f-Oerlikon,t-Oberstrass,23.5
f-Oerlikon,t-Rathaus,4.53
f-Oerlikon,t-Schwamendingen-Mitte,32.5
f-Oerlikon,t-Seebach,26.4
f-Oerlikon,t-Sihlfeld,15.1
f-Oerlikon,t-Unterstrass,19.8
f-Oerlikon,t-Wipkingen,23.9
f-Oerlikon,t-Witikon,42.7
f-Oerlikon,t-Wollishofen,1.63
f-Oerlikon,t-Saatlen,10.2
f-Oerlikon,t-Weinegg,19.5
f-Oerlikon,t-Werd,24.7
f-Oerlikon,t-City,2.58
f-Oerlikon,t-Escher Wyss,1.62
f-Oerlikon,t-Seefeld,154
f-Rathaus,t-Affoltern,8.58
f-Rathaus,t-Albisrieden,533
f-Rathaus,t-Alt-Wiedikon,0.0629
f-Rathaus,t-Altstetten,17.0
f-Rathaus,t-Enge,241
f-Rathaus,t-Fluntern,707
f-Rathaus,t-Friesenberg,13.5
f-Rathaus,t-Gewerbeschule,4.71
f-Rathaus,t-Hard,8.50
f-Rathaus,t-Hirslanden,196
f-Rathaus,t-Hirzenbach,4.71
f-Rathaus,t-Hochschulen,9.76
f-Rathaus,t-Hottingen,6.18
f-Rathaus,t-Höngg,5.37e+3
f-Rathaus,t-Langstrasse,39.2
f-Rathaus,t-Leimbach,205
f-Rathaus,t-Lindenhof,4.82
f-Rathaus,t-Mühlebach,35.7
f-Rathaus,t-Oberstrass,0.131
f-Rathaus,t-Oerlikon,0.250
f-Rathaus,t-Schwamendingen-Mitte,114
f-Rathaus,t-Seebach,313
f-Rathaus,t-Sihlfeld,21.6
f-Rathaus,t-Unterstrass,124
f-Rathaus,t-Wipkingen,1.11
f-Rathaus,t-Witikon,155
f-Rathaus,t-Wollishofen,742
f-Rathaus,t-Saatlen,8.77
f-Rathaus,t-Weinegg,6.72
f-Rathaus,t-Werd,1.66
f-Rathaus,t-City,45.1
f-Rathaus,t-Escher Wyss,33.9
f-Rathaus,t-Seefeld,4.92
f-Schwamendingen-Mitte,t-Affoltern,5.53
f-Schwamendingen-Mitte,t-Albisrieden,6.48
f-Schwamendingen-Mitte,t-Alt-Wiedikon,212
f-Schwamendingen-Mitte,t-Altstetten,60.8
f-Schwamendingen-Mitte,t-Enge,0.858
f-Schwamendingen-Mitte,t-Fluntern,13.9
f-Schwamendingen-Mitte,t-Friesenberg,116
f-Schwamendingen-Mitte,t-Gewerbeschule,101
f-Schwamendingen-Mitte,t-Hard,129
f-Schwamendingen-Mitte,t-Hirslanden,1.34
f-Schwamendingen-Mitte,t-Hirzenbach,222
f-Schwamendingen-Mitte,t-Hochschulen,13.7
f-Schwamendingen-Mitte,t-Hottingen,1.12
f-Schwamendingen-Mitte,t-Höngg,57.5
f-Schwamendingen-Mitte,t-Langstrasse,48.2
f-Schwamendingen-Mitte,t-Leimbach,151
f-Schwamendingen-Mitte,t-Lindenhof,53.0
f-Schwamendingen-Mitte,t-Mühlebach,0.0638
f-Schwamendingen-Mitte,t-Oberstrass,4.32
f-Schwamendingen-Mitte,t-Oerlikon,8.51
f-Schwamendingen-Mitte,t-Rathaus,4.67
f-Schwamendingen-Mitte,t-Seebach,262
f-Schwamendingen-Mitte,t-Sihlfeld,33.2
f-Schwamendingen-Mitte,t-Unterstrass,21.7
f-Schwamendingen-Mitte,t-Wipkingen,8.34
f-Schwamendingen-Mitte,t-Witikon,42.9
f-Schwamendingen-Mitte,t-Wollishofen,119
f-Schwamendingen-Mitte,t-Saatlen,10.8
f-Schwamendingen-Mitte,t-Weinegg,1.69
f-Schwamendingen-Mitte,t-Werd,556
f-Schwamendingen-Mitte,t-City,17.3
f-Schwamendingen-Mitte,t-Escher Wyss,5.70
f-Schwamendingen-Mitte,t-Seefeld,0.926
f-Seebach,t-Affoltern,4.69
f-Seebach,t-Albisrieden,28.2
f-Seebach,t-Alt-Wiedikon,156
f-Seebach,t-Altstetten,6.86
f-Seebach,t-Enge,105
f-Seebach,t-Fluntern,1.21e+3
f-Seebach,t-Friesenberg,338
f-Seebach,t-Gewerbeschule,1.84
f-Seebach,t-Hard,66.8
f-Seebach,t-Hirslanden,1.81
f-Seebach,t-Hirzenbach,150
f-Seebach,t-Hochschulen,934
f-Seebach,t-Hottingen,17.4
f-Seebach,t-Höngg,36.9
f-Seebach,t-Langstrasse,4.93
f-Seebach,t-Leimbach,10.1
f-Seebach,t-Lindenhof,30.1
f-Seebach,t-Mühlebach,0.631
f-Seebach,t-Oberstrass,3.54
f-Seebach,t-Oerlikon,7.92e+3
f-Seebach,t-Rathaus,15.3
f-Seebach,t-Schwamendingen-Mitte,2.79
f-Seebach,t-Sihlfeld,219
f-Seebach,t-Unterstrass,303
f-Seebach,t-Wipkingen,2.95
f-Seebach,t-Witikon,8.54
f-Seebach,t-Wollishofen,74.7
f-Seebach,t-Saatlen,46.6
f-Seebach,t-Weinegg,3.27
f-Seebach,t-Werd,12.0
f-Seebach,t-City,67.2
f-Seebach,t-Escher Wyss,2.84
f-Seebach,t-Seefeld,234
f-Sihlfeld,t-Affoltern,28.5
f-Sihlfeld,t-Albisrieden,400
f-Sihlfeld,t-Alt-Wiedikon,86.0
f-Sihlfeld,t-Altstetten,0.740
f-Sihlfeld,t-Enge,13.4
f-Sihlfeld,t-Fluntern,1.24
f-Sihlfeld,t-Friesenberg,386
f-Sihlfeld,t-Gewerbeschule,2.01e+3
f-Sihlfeld,t-Hard,139
f-Sihlfeld,t-Hirslanden,1.40
f-Sihlfeld,t-Hirzenbach,304
f-Sihlfeld,t-Hochschulen,13.7
f-Sihlfeld,t-Hottingen,61.4
f-Sihlfeld,t-Höngg,19.5
f-Sihlfeld,t-Langstrasse,3.65
f-Sihlfeld,t-Leimbach,4.43
f-Sihlfeld,t-Lindenhof,158
f-Sihlfeld,t-Mühlebach,3.23
f-Sihlfeld,t-Oberstrass,23.9
f-Sihlfeld,t-Oerlikon,33.2
f-Sihlfeld,t-Rathaus,238
f-Sihlfeld,t-Schwamendingen-Mitte,242
f-Sihlfeld,t-Seebach,43.3
f-Sihlfeld,t-Unterstrass,21.5
f-Sihlfeld,t-Wipkingen,1.47e+3
f-Sihlfeld,t-Witikon,0.423
f-Sihlfeld,t-Wollishofen,6.28e+3
f-Sihlfeld,t-Saatlen,871
f-Sihlfeld,t-Weinegg,11.0
f-Sihlfeld,t-Werd,142
f-Sihlfeld,t-City,13.9
f-Sihlfeld,t-Escher Wyss,3.12
f-Sihlfeld,t-Seefeld,65.1
f-Unterstrass,t-Affoltern,2.49
f-Unterstrass,t-Albisrieden,16.9
f-Unterstrass,t-Alt-Wiedikon,6.04
f-Unterstrass,t-Altstetten,40.6
f-Unterstrass,t-Enge,8.18
f-Unterstrass,t-Fluntern,13.5
f-Unterstrass,t-Friesenberg,2.24
f-Unterstrass,t-Gewerbeschule,39.5
f-Unterstrass,t-Hard,3.65
f-Unterstrass,t-Hirslanden,44.5
f-Unterstrass,t-Hirzenbach,0.977
f-Unterstrass,t-Hochschulen,15.7
f-Unterstrass,t-Hottingen,60.5
f-Unterstrass,t-Höngg,2.21
f-Unterstrass,t-Langstrasse,496
f-Unterstrass,t-Leimbach,156
f-Unterstrass,t-Lindenhof,45.0
f-Unterstrass,t-Mühlebach,57.1
f-Unterstrass,t-Oberstrass,2.97
f-Unterstrass,t-Oerlikon,16.6
f-Unterstrass,t-Rathaus,61.4
f-Unterstrass,t-Schwamendingen-Mitte,299
f-Unterstrass,t-Seebach,8.14
f-Unterstrass,t-Sihlfeld,175
f-Unterstrass,t-Wipkingen,4.59
f-Unterstrass,t-Witikon,19.0
f-Unterstrass,t-Wollishofen,16.2
f-Unterstrass,t-Saatlen,19.0
f-Unterstrass,t-Weinegg,16.8
f-Unterstrass,t-Werd,10.1
f-Unterstrass,t-City,2.15
f-Unterstrass,t-Escher Wyss,22.4
f-Unterstrass,t-Seefeld,1.12e+3
f-Wipkingen,t-Affoltern,2.21
f-Wipkingen,t-Albisrieden,6.74
f-Wipkingen,t-Alt-Wiedikon,7.36
f-Wipkingen,t-Altstetten,8.44
f-Wipkingen,t-Enge,4.72
f-Wipkingen,t-Fluntern,5.37
f-Wipkingen,t-Friesenberg,7.61
f-Wipkingen,t-Gewerbeschule,0.279
f-Wipkingen,t-Hard,2.82
f-Wipkingen,t-Hirslanden,6.31
f-Wipkingen,t-Hirzenbach,479
f-Wipkingen,t-Hochschulen,29.7
f-Wipkingen,t-Hottingen,162
f-Wipkingen,t-Höngg,13.5
f-Wipkingen,t-Langstrasse,53.9
f-Wipkingen,t-Leimbach,183
f-Wipkingen,t-Lindenhof,51.6
f-Wipkingen,t-Mühlebach,25.5
f-Wipkingen,t-Oberstrass,3.57
f-Wipkingen,t-Oerlikon,81.1
f-Wipkingen,t-Rathaus,15.6
f-Wipkingen,t-Schwamendingen-Mitte,78.1
f-Wipkingen,t-Seebach,7.67
f-Wipkingen,t-Sihlfeld,54.7
f-Wipkingen,t-Unterstrass,7.78
f-Wipkingen,t-Witikon,63.0
f-Wipkingen,t-Wollishofen,27.9
f-Wipkingen,t-Saatlen,28.1
f-Wipkingen,t-Weinegg,47.3
f-Wipkingen,t-Werd,5.33
f-Wipkingen,t-City,34.0
f-Wipkingen,t-Escher Wyss,843
f-Wipkingen,t-Seefeld,20.6
f-Witikon,t-Affoltern,4.45
f-Witikon,t-Albisrieden,8.91
f-Witikon,t-Alt-Wiedikon,33.3
f-Witikon,t-Altstetten,5.88
f-Witikon,t-Enge,39.2
f-Witikon,t-Fluntern,2.74
f-Witikon,t-Friesenberg,17.2
f-Witikon,t-Gewerbeschule,0.225
f-Witikon,t-Hard,9.27
f-Witikon,t-Hirslanden,1.22
f-Witikon,t-Hirzenbach,210
f-Witikon,t-Hochschulen,2.09
f-Witikon,t-Hottingen,1.14e+3
f-Witikon,t-Höngg,364
f-Witikon,t-Langstrasse,39.4
f-Witikon,t-Leimbach,878
f-Witikon,t-Lindenhof,43.7
f-Witikon,t-Mühlebach,1.24
f-Witikon,t-Oberstrass,12.3
f-Witikon,t-Oerlikon,16.3
f-Witikon,t-Rathaus,19.7
f-Witikon,t-Schwamendingen-Mitte,124
f-Witikon,t-Seebach,272
f-Witikon,t-Sihlfeld,1.48
f-Witikon,t-Unterstrass,8.27
f-Witikon,t-Wipkingen,11.7
f-Witikon,t-Wollishofen,16.2
f-Witikon,t-Saatlen,98.2
f-Witikon,t-Weinegg,0.547
f-Witikon,t-Werd,61.4
f-Witikon,t-City,0.254
f-Witikon,t-Escher Wyss,64.8
f-Witikon,t-Seefeld,59.7
f-Wollishofen,t-Affoltern,294
f-Wollishofen,t-Albisrieden,22.6
f-Wollishofen,t-Alt-Wiedikon,11.9
f-Wollishofen,t-Altstetten,8.10
f-Wollishofen,t-Enge,12.9
f-Wollishofen,t-Fluntern,5.21
f-Wollishofen,t-Friesenberg,242
f-Wollishofen,t-Gewerbeschule,0.956
f-Wollishofen,t-Hard,300
f-Wollishofen,t-Hirslanden,33.2
f-Wollishofen,t-Hirzenbach,23.4
f-Wollishofen,t-Hochschulen,1.48
f-Wollishofen,t-Hottingen,4.81
f-Wollishofen,t-Höngg,41.8
f-Wollishofen,t-Langstrasse,0.288
f-Wollishofen,t-Leimbach,42.3
f-Wollishofen,t-Lindenhof,3.02
f-Wollishofen,t-Mühlebach,6.05
f-Wollishofen,t-Oberstrass,13.5
f-Wollishofen,t-Oerlikon,8.88
f-Wollishofen,t-Rathaus,802
f-Wollishofen,t-Schwamendingen-Mitte,28.2
f-Wollishofen,t-Seebach,4.66
f-Wollishofen,t-Sihlfeld,45.1
f-Wollishofen,t-Unterstrass,1.95
f-Wollishofen,t-Wipkingen,39.0
f-Wollishofen,t-Witikon,104
f-Wollishofen,t-Saatlen,4.85
f-Wollishofen,t-Weinegg,102
f-Wollishofen,t-Werd,7.05
f-Wollishofen,t-City,3.59
f-Wollishofen,t-Escher Wyss,12.7
f-Wollishofen,t-Seefeld,2.58
f-Saatlen,t-Affoltern,112
f-Saatlen,t-Albisrieden,2.00
f-Saatlen,t-Alt-Wiedikon,14.6
f-Saatlen,t-Altstetten,101
f-Saatlen,t-Enge,759
f-Saatlen,t-Fluntern,0.854
f-Saatlen,t-Friesenberg,1.83
f-Saatlen,t-Gewerbeschule,3.16
f-Saatlen,t-Hard,4.28
f-Saatlen,t-Hirslanden,13.9
f-Saatlen,t-Hirzenbach,4.14
f-Saatlen,t-Hochschulen,1.68
f-Saatlen,t-Hottingen,5.95
f-Saatlen,t-Höngg,132
f-Saatlen,t-Langstrasse,10.1
f-Saatlen,t-Leimbach,199
f-Saatlen,t-Lindenhof,7.24
f-Saatlen,t-Mühlebach,3.85
f-Saatlen,t-Oberstrass,1.13
f-Saatlen,t-Oerlikon,9.55
f-Saatlen,t-Rathaus,109
f-Saatlen,t-Schwamendingen-Mitte,96.7
f-Saatlen,t-Seebach,55.6
f-Saatlen,t-Sihlfeld,11.7
f-Saatlen,t-Unterstrass,18.1
f-Saatlen,t-Wipkingen,5.26
f-Saatlen,t-Witikon,8.31
f-Saatlen,t-Wollishofen,0.498
f-Saatlen,t-Weinegg,2.96
f-Saatlen,t-Werd,23.7
f-Saatlen,t-City,197
f-Saatlen,t-Escher Wyss,49.7
f-Saatlen,t-Seefeld,658
f-Weinegg,t-Affoltern,1.90
f-Weinegg,t-Albisrieden,5.31
f-Weinegg,t-Alt-Wiedikon,1.47
f-Weinegg,t-Altstetten,0.600
f-Weinegg,t-Enge,8.19
f-Weinegg,t-Fluntern,25.0
f-Weinegg,t-Friesenberg,1.34
f-Weinegg,t-Gewerbeschule,49.9
f-Weinegg,t-Hard,53.9
f-Weinegg,t-Hirslanden,9.35
f-Weinegg,t-Hirzenbach,37.1
f-Weinegg,t-Hochschulen,1.43
f-Weinegg,t-Hottingen,117
f-Weinegg,t-Höngg,117
f-Weinegg,t-Langstrasse,16.9
f-Weinegg,t-Leimbach,30.8
f-Weinegg,t-Lindenhof,683
f-Weinegg,t-Mühlebach,35.9
f-Weinegg,t-Oberstrass,107
f-Weinegg,t-Oerlikon,4.59
f-Weinegg,t-Rathaus,2.52
f-Weinegg,t-Schwamendingen-Mitte,24.0
f-Weinegg,t-Seebach,32.5
f-Weinegg,t-Sihlfeld,28.4
f-Weinegg,t-Unterstrass,4.34
f-Weinegg,t-Wipkingen,2.15
f-Weinegg,t-Witikon,89.0
f-Weinegg,t-Wollishofen,12.5
f-Weinegg,t-Saatlen,4.43
f-Weinegg,t-Werd,221
f-Weinegg,t-City,1.58
f-Weinegg,t-Escher Wyss,14.3
f-Weinegg,t-Seefeld,0.383
f-Werd,t-Affoltern,1.14
f-Werd,t-Albisrieden,53.0
f-Werd,t-Alt-Wiedikon,1.71
f-Werd,t-Altstetten,2.54
f-Werd,t-Enge,11.9
f-Werd,t-Fluntern,16.4
f-Werd,t-Friesenberg,1.02e+3
f-Werd,t-Gewerbeschule,19.3
f-Werd,t-Hard,60.6
f-Werd,t-Hirslanden,3.03
f-Werd,t-Hirzenbach,6.43
f-Werd,t-Hochschulen,8.75
f-Werd,t-Hottingen,17.2
f-Werd,t-Höngg,123
f-Werd,t-Langstrasse,5.63
f-Werd,t-Leimbach,35.5
f-Werd,t-Lindenhof,94.5
f-Werd,t-Mühlebach,742
f-Werd,t-Oberstrass,36.7
f-Werd,t-Oerlikon,7.28
f-Werd,t-Rathaus,47.6
f-Werd,t-Schwamendingen-Mitte,13.3
f-Werd,t-Seebach,1.57
f-Werd,t-Sihlfeld,867
f-Werd,t-Unterstrass,10.2
f-Werd,t-Wipkingen,63.5
f-Werd,t-Witikon,25.2
f-Werd,t-Wollishofen,57.1
f-Werd,t-Saatlen,2.20e+3
f-Werd,t-Weinegg,6.34
f-Werd,t-City,4.49
f-Werd,t-Escher Wyss,1.61
f-Werd,t-Seefeld,167
f-City,t-Affoltern,6.46
f-City,t-Albisrieden,19.5
f-City,t-Alt-Wiedikon,46.5
f-City,t-Altstetten,115
f-City,t-Enge,58.6
f-City,t-Fluntern,565
f-City,t-Friesenberg,2.13e+3
f-City,t-Gewerbeschule,180
f-City,t-Hard,48.7
f-City,t-Hirslanden,9.26
f-City,t-Hirzenbach,59.8
f-City,t-Hochschulen,2.33e+3
f-City,t-Hottingen,28.5
f-City,t-Höngg,1.94
f-City,t-Langstrasse,90.2
f-City,t-Leimbach,36.9
f-City,t-Lindenhof,99.2
f-City,t-Mühlebach,40.1
f-City,t-Oberstrass,11.3
f-City,t-Oerlikon,174
f-City,t-Rathaus,7.14
f-City,t-Schwamendingen-Mitte,169
f-City,t-Seebach,4.73
f-City,t-Sihlfeld,12.9
f-City,t-Unterstrass,62.3
f-City,t-Wipkingen,2.98
f-City,t-Witikon,4.18
f-City,t-Wollishofen,403
f-City,t-Saatlen,116
f-City,t-Weinegg,48.8
f-City,t-Werd,25.9
f-City,t-Escher Wyss,5.93
f-City,t-Seefeld,0.192
f-Escher Wyss,t-Affoltern,645
f-Escher Wyss,t-Albisrieden,313
f-Escher Wyss,t-Alt-Wiedikon,23.6
f-Escher Wyss,t-Altstetten,12.5
f-Escher Wyss,t-Enge,178
f-Escher Wyss,t-Fluntern,24.4
f-Escher Wyss,t-Friesenberg,506
f-Escher Wyss,t-Gewerbeschule,550
f-Escher Wyss,t-Hard,23.4
f-Escher Wyss,t-Hirslanden,42.7
f-Escher Wyss,t-Hirzenbach,205
f-Escher Wyss,t-Hochschulen,3.95
f-Escher Wyss,t-Hottingen,17.1
f-Escher Wyss,t-Höngg,790
f-Escher Wyss,t-Langstrasse,46.5
f-Escher Wyss,t-Leimbach,357
f-Escher Wyss,t-Lindenhof,32.1
f-Escher Wyss,t-Mühlebach,76.2
f-Escher Wyss,t-Oberstrass,9.32
f-Escher Wyss,t-Oerlikon,1.54
f-Escher Wyss,t-Rathaus,50.1
f-Escher Wyss,t-Schwamendingen-Mitte,0.716
f-Escher Wyss,t-Seebach,51.3
f-Escher Wyss,t-Sihlfeld,116
f-Escher Wyss,t-Unterstrass,8.54
f-Escher Wyss,t-Wipkingen,87.6
f-Escher Wyss,t-Witikon,24.3
f-Escher Wyss,t-Wollishofen,8.19
f-Escher Wyss,t-Saatlen,0.845
f-Escher Wyss,t-Weinegg,47.1
f-Escher Wyss,t-Werd,17.4
f-Escher Wyss,t-City,57.8
f-Escher Wyss,t-Seefeld,5.81
f-Seefeld,t-Affoltern,765
f-Seefeld,t-Albisrieden,15.5
f-Seefeld,t-Alt-Wiedikon,1.45
f-Seefeld,t-Altstetten,109
f-Seefeld,t-Enge,276
f-Seefeld,t-Fluntern,10.0
f-Seefeld,t-Friesenberg,33.2
f-Seefeld,t-Gewerbeschule,56.2
f-Seefeld,t-Hard,79.8
f-Seefeld,t-Hirslanden,14.3
f-Seefeld,t-Hirzenbach,744
f-Seefeld,t-Hochschulen,3.22
f-Seefeld,t-Hottingen,15.8
f-Seefeld,t-Höngg,41.3
f-Seefeld,t-Langstrasse,140
f-Seefeld,t-Leimbach,21.3
f-Seefeld,t-Lindenhof,29.8
f-Seefeld,t-Mühlebach,6.08
f-Seefeld,t-Oberstrass,20.0
f-Seefeld,t-Oerlikon,77.4
f-Seefeld,t-Rathaus,1.50
f-Seefeld,t-Schwamendingen-Mitte,53.1
f-Seefeld,t-Seebach,80.6
f-Seefeld,t-Sihlfeld,26.1
f-Seefeld,t-Unterstrass,5.69e+4
f-Seefeld,t-Wipkingen,0.422
f-Seefeld,t-Witikon,6.27
f-Seefeld,t-Wollishofen,18.7
f-Seefeld,t-Saatlen,54.9
f-Seefeld,t-Weinegg,18.9
f-Seefeld,t-Werd,20.5
f-Seefeld,t-City,0.700
f-Seefeld,t-Escher Wyss,1.29e+3